Film,Director,Leading actors,Year of cinema release,No of Oscars won,IMDB link,Country,Genre,Url of the poster,Url of the youtube trailer
Apocalypse Now,Francis Coppola,"Dennis Hopper, Frederic Forrest, Laurence Fishburne, Marlon Brando, Martin Sheen, Robert Duvall",1979,2,http://www.imdb.com/title/tt0078788/,USA,Action,"https://images-na.ssl-images-amazon.com/images/M/MV5BMDg1MDgzMmQtNDhlYS00MzZiLTllZGItNzliZTE1ODBiZDQwXkEyXkFqcGdeQXVyNjU0OTQ0OTY@._V1_SY1000_CR0,0,658,1000_AL_.jpg",https://youtu.be/FTjG-Aux_yQ
North by Northwest,Alfred Hitchcock," Cary Grant, Eva Marie Saint, Eva Marie Saint, James Mason, Jessie Royce Landis, Leo G Carroll, Martin Landau",1959,,http://www.imdb.com/title/tt0053125/,USA,Action,"https://images-na.ssl-images-amazon.com/images/M/MV5BZDA3NDExMTUtMDlhOC00MmQ5LWExZGUtYmI1NGVlZWI4OWNiXkEyXkFqcGdeQXVyNjc1NTYyMjg@._V1_SY1000_CR0,0,664,1000_AL_.jpg",https://youtu.be/ek7T9Gyl_J4
Once Upon a Time in the West,Sergio Leone,"Charles Bronson, Claudia Cardinale, Henry Fonda, Jason Robards",1968,,http://www.imdb.com/title/tt0064116/,Italy,Action,"https://images-na.ssl-images-amazon.com/images/M/MV5BMTYxOTEwOTU0MV5BMl5BanBnXkFtZTgwNDc4NjQ3MTI@._V1_SY1000_CR0,0,704,1000_AL_.jpg",https://youtu.be/Yw-Av9BpC-w
The Wild Bunch,Sam Pekinpah,"Ernest Borgnine, Robert Ryan, William Holden",1969,,http://www.imdb.com/title/tt0065214/,USA,Action,"https://images-na.ssl-images-amazon.com/images/M/MV5BNGUyYTZmOWItMDJhMi00N2IxLWIyNDMtNjUxM2ZiYmU5YWU1XkEyXkFqcGdeQXVyNjc1NTYyMjg@._V1_SY1000_CR0,0,654,1000_AL_.jpg",https://youtu.be/kdy0t_8mQBw
Deliverance,John Boorman ,"Burt Reynolds, Jon Voight, Ned Beatty",1972,,http://www.imdb.com/title/tt0068473/,USA,Action,"https://images-na.ssl-images-amazon.com/images/M/MV5BZjBhYzU3NWItOWZjMy00NjI5LWFmYmItZmIyOWFlMDIxMWNiXkEyXkFqcGdeQXVyMTQxNzMzNDI@._V1_SY1000_CR0,0,676,1000_AL_.jpg",https://youtu.be/at-gOm93fZg
City of God,Fernando Meirelles,"Alexandre Rodrigues, Leandro Firmino da Hora, Matheus Nachtergaele, Phelipe Haagensen",2002,,http://www.imdb.com/title/tt0317248/,Brazil,Action,"https://images-na.ssl-images-amazon.com/images/M/MV5BNTM4MjZjNWEtMmQxMi00YzY5LTg4ZTAtODJlMDVkZWZmNTVhXkEyXkFqcGdeQXVyNTA4NzY1MzY@._V1_SY1000_CR0,0,677,1000_AL_.jpg",https://youtu.be/dcUOO4Itgmw
Paths of Glory,Stanley Kubrick,"Adolphe Menjou, Kirk Douglas, Ralph Meeker",1957,,http://www.imdb.com/title/tt0050825/,USA,Action,"https://images-na.ssl-images-amazon.com/images/M/MV5BOTI5Nzc0OTMtYzBkMS00NjkxLThmM2UtNjM2ODgxN2M5NjNkXkEyXkFqcGdeQXVyNjQ2MjQ5NzM@._V1_SY1000_CR0,0,653,1000_AL_.jpg",https://youtu.be/AV9XLjDbt5A
The Wages of Fear,Henri-Georges Clouzot,"Charles Vanel, Folco Lulli, Yves Montand",1953,,http://www.imdb.com/title/tt0046268/,France,Action,"https://images-na.ssl-images-amazon.com/images/M/MV5BZDdkNzMwZmUtY2Q5MS00ZmM2LWJhYjItYTBjMWY0MGM4MDRjXkEyXkFqcGdeQXVyNTA4NzY1MzY@._V1_SY1000_CR0,0,687,1000_AL_.jpg",https://youtu.be/2_0OrSG5RWA
Crouching Tiger Hidden Dragon,Ang Lee,"Chang Chen, Chow Yun-Fat, Michelle Yeoh, Zhang Ziyi, Ziyi Zhang",2000,4,http://www.imdb.com/title/tt0190332/,Taiwan,Action,"https://images-na.ssl-images-amazon.com/images/M/MV5BNDdhMzMxOTctNDMyNS00NTZmLTljNWEtNTc4MDBmZTYxY2NmXkEyXkFqcGdeQXVyNjU0OTQ0OTY@._V1_SY1000_CR0,0,674,1000_AL_.jpg",https://youtu.be/WdhvxJZDqzU
 The Thin Red Line,Terrence Malik,"Adrien Brody, Ben Chaplin, Nick Nolte, Sean Penn",1998,,http://www.imdb.com/title/tt0120863/,USA,Action,"https://images-na.ssl-images-amazon.com/images/M/MV5BYjEzMTM2NjAtNWFmZC00MTVlLTgyMmQtMGQyNTFjZDk5N2NmXkEyXkFqcGdeQXVyNzQ1ODk3MTQ@._V1_SY1000_CR0,0,673,1000_AL_.jpg",https://youtu.be/mKl5_OxKBn8
Raiders of the Lost Ark,Steven Spielberg,"Harrison Ford, Karen Allen, Paul Freeman, Ronald Lacey",1981,4,http://www.imdb.com/title/tt0082971/,USA,Action,"https://images-na.ssl-images-amazon.com/images/M/MV5BMjA0ODEzMTc1Nl5BMl5BanBnXkFtZTcwODM2MjAxNA@@._V1_SY1000_CR0,0,664,1000_AL_.jpg",https://youtu.be/gz4crpFaW4M
 Bullitt,Peter Yates,"Jacqueline Bisset, Robert Vaughn, Steve McQueen",1968,1,http://www.imdb.com/title/tt0062765/,USA,Action,"https://images-na.ssl-images-amazon.com/images/M/MV5BYTQwNjkyMzctMjY1My00Y2U0LWE5MGEtNWY4M2FhZGYwODE1XkEyXkFqcGdeQXVyNjc1NTYyMjg@._V1_SY1000_CR0,0,667,1000_AL_.jpg",https://youtu.be/BsvD806qNM8
Ran,Akira Kurosawa,"Akira Terao, Daisuke Ryu, Mieko Harada, Tatsuya Nakadai",1985,1,http://www.imdb.com/title/tt0089881/,Japan,Action,"https://images-na.ssl-images-amazon.com/images/M/MV5BZDBjZTM4ZmEtOTA5ZC00NTQzLTkyNzYtMmUxNGU2YjI5YjU5L2ltYWdlXkEyXkFqcGdeQXVyNTAyODkwOQ@@._V1_SY1000_CR0,0,706,1000_AL_.jpg",https://youtu.be/AbbfDntoRRk
Die Hard,John McTeirnan,"Alan Rickman, Bonnie Bedelia, Bruce Willis",1988,,http://www.imdb.com/title/tt0095016/,USA,Action,https://images-na.ssl-images-amazon.com/images/M/MV5BMzNmY2IwYzAtNDQ1NC00MmI4LThkOTgtZmVhYmExOTVhMWRkXkEyXkFqcGdeQXVyMTk5NDA3Nw@@._V1_.jpg,https://youtu.be/2TQ-pOvI6Xo
The Adventures of Robin Hood,"Michael Curtiz, William Keighley","Basil Rathbone, Claude Rains, Errol Flynn, Olivia De Havilland, Olivia de Havilland, William Keighley",1938,3,http://www.imdb.com/title/tt0029843/,USA,Action,https://images-na.ssl-images-amazon.com/images/M/MV5BYjZjOTU3MTMtYTM5YS00YjZmLThmNmMtODcwOTM1NmRiMWM2XkEyXkFqcGdeQXVyNjc1NTYyMjg@._V1_SY1000_SX674_AL_.jpg,https://youtu.be/BpqR6Ca-LL8
 The Searchers,John Ford,"Jeffrey Hunter, John Wayne, Natalie Wood, Vera Miles, Ward Bond",1956,,http://www.imdb.com/title/tt0049730/,USA,Action,"https://images-na.ssl-images-amazon.com/images/M/MV5BNGY4ZTBmNTUtOTcwZC00NjY2LTljMjktNmY5YmE4MjdjYjVjXkEyXkFqcGdeQXVyNjc1NTYyMjg@._V1_SY1000_CR0,0,666,1000_AL_.jpg",https://youtu.be/ii_7QnXPQxA
Goldfinger,Guy Hamilton," Bernard Lee, Gert Frobe, Harold Sakata, Honor Blackman, Lois Maxwell, Sean Connery, Shirley Eaton, Tania Mallet",1964,1,http://www.imdb.com/title/tt0058150/,UK,Action,"https://images-na.ssl-images-amazon.com/images/M/MV5BMTQ2MzE0OTU3NV5BMl5BanBnXkFtZTcwNjQxNTgzNA@@._V1_SY1000_CR0,0,666,1000_AL_.jpg",https://youtu.be/MA65V-oLKa8
Full Metal Jacket,Stanley Kubrick,"Adam Baldwin, Lee Ermey, Matthew Modine, Vincent D'Onofrio",1987,,http://www.imdb.com/title/tt0093058/,USA,Action,"https://images-na.ssl-images-amazon.com/images/M/MV5BNzc2ZThkOGItZGY5YS00MDYwLTkyOTAtNDRmZWIwMGRhYTc0L2ltYWdlXkEyXkFqcGdeQXVyNjU0OTQ0OTY@._V1_SY1000_CR0,0,656,1000_AL_.jpg",https://youtu.be/x9f6JaaX7Wg
Last of the Mohicans,Michael Mann,"Daniel Day-Lewis, Jodhi May, Madeleine Stowe",1992,1,http://www.imdb.com/title/tt0104691/,,Action,"https://images-na.ssl-images-amazon.com/images/M/MV5BZDNiYmRkNDYtOWU1NC00NmMxLWFkNmUtMGI5NTJjOTJmYTM5XkEyXkFqcGdeQXVyNzQ1ODk3MTQ@._V1_SY1000_CR0,0,670,1000_AL_.jpg",https://youtu.be/yaQeVnN6pUc
Deer Hunter,Michael Cimino,"Christopher Walken, Meryl Streep, Robert De Niro",1978,5,http://www.imdb.com/title/tt0077416/,USA,Action,"https://images-na.ssl-images-amazon.com/images/M/MV5BNDhmNTA0ZDMtYjhkNS00NzEzLWIzYTItOGNkMTVmYjE2YmI3XkEyXkFqcGdeQXVyNzkwMjQ5NzM@._V1_SY1000_CR0,0,678,1000_AL_.jpg",https://youtu.be/SKHZ5-JThFE
Gladiator,Ridley Scott,"Connie Nielsen, Joaquin Phoenix, Oliver Reed, Russell Crowe",2000,5,http://www.imdb.com/title/tt0172495/,USA,Action,"https://images-na.ssl-images-amazon.com/images/M/MV5BMDliMmNhNDEtODUyOS00MjNlLTgxODEtN2U3NzIxMGVkZTA1L2ltYWdlXkEyXkFqcGdeQXVyNjU0OTQ0OTY@._V1_SY1000_CR0,0,675,1000_AL_.jpg",https://youtu.be/Q-b7B8tOAQU
Rome Open City,Roberto Rossellini,"Aldo Fabrizi, Anna Magnani, Marcello Pagliero",1945,,http://www.imdb.com/title/tt0038890/,Italy,Action,"https://images-na.ssl-images-amazon.com/images/M/MV5BMjZjZWVhODYtM2E5OS00ODRiLThjZDktMzE1NDUwMzg1ZmRiXkEyXkFqcGdeQXVyMjA0MzYwMDY@._V1_SY1000_CR0,0,709,1000_AL_.jpg",https://youtu.be/c1P1JRSJT6Q
Butch Cassidy,George Roy Hill,"Katharine Ross, Paul Newman, Robert Redford",1969,4,http://www.imdb.com/title/tt0064115/,USA,Action,https://images-na.ssl-images-amazon.com/images/M/MV5BMTkyMTM2NDk5Nl5BMl5BanBnXkFtZTgwNzY1NzEyMDE@._V1_.jpg,https://youtu.be/YdJW2UxvSFQ
Where Eagles Dare,Brian G. Hutton,"Clint Eastwood, Mary Ure, Richard Burton",1968,,http://www.imdb.com/title/tt0065207/,USA,Action,"https://images-na.ssl-images-amazon.com/images/M/MV5BNGE3ZWZiNzktMDIyOC00ZmVhLThjZTktZjQ5NjI4NGVhMDBlXkEyXkFqcGdeQXVyMjI4MjA5MzA@._V1_SY1000_CR0,0,670,1000_AL_.jpg",https://youtu.be/khIZwbXDF0o
The Incredibles,Brad Bird,"Craig T Nelson, Holly Hunter, Jason Lee, Samuel L Jackson",2004,2,http://www.imdb.com/title/tt0317705/,USA,Action,"https://images-na.ssl-images-amazon.com/images/M/MV5BMTY5OTU0OTc2NV5BMl5BanBnXkFtZTcwMzU4MDcyMQ@@._V1_SY1000_CR0,0,675,1000_AL_.jpg",https://youtu.be/-UaGUdNJdRQ
Andrei Rublev,Andrei Tarkovsky,"Anatoli Solonitsyn, Andrei Mikhalkov-Konchalovsky, Andrei Tarkovsky, Ivan Lapikov, Nikolai Grinko",1966,,http://www.imdb.com/title/tt0060107/,Soviet Union,Arthouse and Drama,http://lorempixel.com/430/653/abstract/,
Mulholland Dr,David Lynch,"Justin Theroux, Laura Harring, Naomi Watts",2001,,http://www.imdb.com/title/tt0166924/,France,Arthouse and Drama,http://lorempixel.com/430/653/abstract/,
L’Atalante,Jean Vigo,"Dita Parlo, Jean Daste, Michel Simon",1934,,http://www.imdb.com/title/tt0024844/,France,Arthouse and Drama,http://lorempixel.com/430/653/abstract/,
Tokyo Story,Yasujiro Ozu," Chieko Higashiyama, Chishu Ryu, Setsuko Hara, Toru Abu",1953,,http://www.imdb.com/title/tt0046438/,Japan,Arthouse and Drama,http://lorempixel.com/430/653/abstract/,
Citizen Kane,Orson Welles," Dorothy Comingore, Everett Sloane, Joseph Cotten, Orson Welles",1941,1,http://www.imdb.com/title/tt0033467/,USA,Arthouse and Drama,http://lorempixel.com/430/653/abstract/,
A Clockwork Orange,Stanley Kubrick,"Adrienne Corri, Malcolm McDowell, Michael Bates, Patrick Magee, Warren Clarke",1971,,http://www.imdb.com/title/tt0066921/,USA,Arthouse and Drama,http://lorempixel.com/430/653/abstract/,
Days of Heaven,Terrence Malik,"Brooke Adams, Richard Gere, Sam Shepard",1978,1,http://www.imdb.com/title/tt0077405/,USA,Arthouse and Drama,http://lorempixel.com/430/653/abstract/,
Wild Strawberries,Ingmar Bergman,"Bibi Anderson, Bibi Andersson, Gunnar Bjornstrand, Ingrid Thulin, Victor Sjostrom",1957,,http://www.imdb.com/title/tt0050986/,Sweden,Arthouse and Drama,http://lorempixel.com/430/653/abstract/,
White Ribbon,Michael Haneke,"Burghart Klaussner, Christian Friedel, Josef Bierbichler, Susanne Lothar, Ulrich Tukur",2009,,http://www.imdb.com/title/tt1149362/,Germany,Arthouse and Drama,http://lorempixel.com/430/653/abstract/,
The Gospel According to St Matthew,Pier Paolo Pasolini," Enrique Irazoqui, Margherita Caruso",1964,,http://www.imdb.com/title/tt0058715/,Italy,Arthouse and Drama,http://lorempixel.com/430/653/abstract/,
Aguirre Wrath of God,Werner Herzog," Cecilia Rivera, Klaus Kinski, Ruy Guerra",1972,,http://www.imdb.com/title/tt0068182/,Germany,Arthouse and Drama,http://lorempixel.com/430/653/abstract/,
Pather Panchali,Satyajit Ray," Kanu Bannerjee, Karuna Bannerjee, Uma Das Gupta",1955,,http://www.imdb.com/title/tt0048473/,India,Arthouse and Drama,http://lorempixel.com/430/653/abstract/,
The Conformist,Bernado Bertolucci,"Dominique Sanda, Gastone Moschin, Jean-Louis Trintignant, Louis Trintignant, Stefania Sandrelli",1970,,http://www.imdb.com/title/tt0065571/,Italy,Arthouse and Drama,http://lorempixel.com/430/653/abstract/,
Death in Venice,Luchino Visconti,"Bjorn Andresen, Dirk Bogarde, Marisa Berensen, Silvana Mangano",1971,,http://www.imdb.com/title/tt0067445/,Italy,Arthouse and Drama,http://lorempixel.com/430/653/abstract/,
The Godfather Parts I and II,Francis Ford Coppola,"Al Lettieri, Al Pacino, Diane Keaton, James Caan, John Cazale, Marlon Brando, Robert Duvall, Talia Shire",1972,9 altogether,http://www.imdb.com/title/tt0068646/,USA,Arthouse and Drama,http://lorempixel.com/430/653/abstract/,
The Graduate,Mike Nichols,"Anne Bancroft, Dustin Hoffman, Katharine Ross, William Daniels",1967,1,http://www.imdb.com/title/tt0061722/,USA,Arthouse and Drama,http://lorempixel.com/430/653/abstract/,
There Will Be Blood,Paul Thomas Anderson," Daniel Day Lewis, Daniel Day-Lewis, Dillon Freasier, Kevin J O'Connor, Paul Dano",2007,2,http://www.imdb.com/title/tt0469494/,USA,Arthouse and Drama,http://lorempixel.com/430/653/abstract/,
Battleship Potemkin,Sergei Eisenstein,"A Antonov, Alexandr Antonov, Grigori Alexandrov, Midhail Gomorov, Vladimir Barsky",1925,,http://www.imdb.com/title/tt0015648/,Soviet Union,Arthouse and Drama,http://lorempixel.com/430/653/abstract/,
Rules of the Game,Jean Renoir,"Nora Gregor, Paulette Dubost, Mila Parely.",1939,,http://www.imdb.com/title/tt0031885/,USA,Arthouse and Drama,http://lorempixel.com/430/653/abstract/,
 Shadows,,,,,,,Arthouse and Drama,http://lorempixel.com/430/653/abstract/,
Distant Voices Still Lives,Terence davies,"Angela Walsh, Dean Williams, Freda Dowie, Lorraine Ashbourne, Pete Postlethwaite",1988,,http://www.imdb.com/title/tt0095037/,UK,Arthouse and Drama,http://lorempixel.com/430/653/abstract/,
Passion of Joan of Arc,Carl Theodor Dreyer,"Eugene Silvain, Maria Falconetti, Michael Simon, Michel Simon, Renee Falconetti",1928,,http://www.imdb.com/title/tt0019254/,France,Arthouse and Drama,http://lorempixel.com/430/653/abstract/,
La Dolce Vita,Federico Fellini,"Anita Ekberg, Anouk Aimee, Marcello Mastroianni",1960,1,http://www.imdb.com/title/tt0053779/,Italy,Arthouse and Drama,http://lorempixel.com/430/653/abstract/,
Breaking the Waves,Lars Von Trier,"Emily Watson, Katrin Cartlidge, Stellan Skarsgard",1996,,http://www.imdb.com/title/tt0115751/,Denmark,Arthouse and Drama,http://lorempixel.com/430/653/abstract/,
Spirit of the Beehive,Victor Erice,"Ana Torrent, Fernando Fernan, Fernando Fernan Gomez, Fernando Fernan Gomez, Isabel Telleria",1973,,http://www.imdb.com/title/tt0070040/,Spain,Arthouse and Drama,http://lorempixel.com/430/653/abstract/,
Annie Hall,Woody Allen,"Carol Kane, Diane Keaton, Paul Simon, Tony Roberts, Woody Allen",1977,4,http://www.imdb.com/title/tt0075686/,USA,Comedy,http://lorempixel.com/430/653/abstract/,
Borat,Larry Charles,"Ken Davitian, Pamela Anderson , Sacha Baron Cohen",2006,,http://www.imdb.com/title/tt0443453/,USA,Comedy,http://lorempixel.com/430/653/abstract/,
Some Like it Hot,Billy Wilder,"George Raft, Jack Lemmon, Joe E Brown, Marilyn Monroe, Tony Curtis",1959,1,http://www.imdb.com/title/tt0053291/,USA,Comedy,http://lorempixel.com/430/653/abstract/,
Team America,Trey Parker,"Kristen Miller, Matt Stone, Trey Parker",2004,,http://www.imdb.com/title/tt0372588/,USA,Comedy,http://lorempixel.com/430/653/abstract/,
Dr Strangelove,Stanley Kubrick,"George C Scott, Peter Sellers, Sterling Hayden",1964,,http://www.imdb.com/title/tt0057012/,UK,Comedy,http://lorempixel.com/430/653/abstract/,
The Ladykillers,Alexander Mackendrick,"Alec Guinness, Cecil Parker, Herbert Lom, Peter Sellers",1955,,http://www.imdb.com/title/tt0048281/,UK,Comedy,http://lorempixel.com/430/653/abstract/,
Duck Soup,Leo McCarey,"Chico Marx, Groucho Marx, Harpo Marx, Margaret Dumont, The Marx Brothers, Zeppo Marx",1933,,http://www.imdb.com/title/tt0023969/,USA,Comedy,http://lorempixel.com/430/653/abstract/,
Rushmore,Wes Anderson," Bill Murray, Brian Cox, Jason Schwartzman, Olivia Williams",1998,,http://www.imdb.com/title/tt0128445/,USA,Comedy,http://lorempixel.com/430/653/abstract/,
Kind Hearts & Coronets,Robert Hamer,"Alec Guinness, Dennis Price, Joan Greenwood",1949,,http://www.imdb.com/title/tt0041546/,UK,Comedy,http://lorempixel.com/430/653/abstract/,
Monty Python’s Life of Brian,Terry Jones,"Eric Idle, Graham Chapman, John Cleese, Michael Palin, Terry Gilliam, Terry Jones",1979,,http://www.imdb.com/title/tt0079470/,UK,Comedy,http://lorempixel.com/430/653/abstract/,
Airplane!,"Jim Abrahams, David Zucker and Jerry Zucker","Julie Hagerty, Leslie Nielsen, Robert Hays",1980,,http://www.imdb.com/title/tt0080339/,USA,Comedy,http://lorempixel.com/430/653/abstract/,
Election,Alexander Payne,"Chris Klein, Matthew Broderick, Reese Witherspoon",1999,,http://www.imdb.com/title/tt0126886/,USA,Comedy,http://lorempixel.com/430/653/abstract/,
His Girl Friday,Howard Hawkes,"Cary Grant, Gene Lockhart, Ralph Bellamy, Rosalind Russell",1940,,http://www.imdb.com/title/tt0032599/,USA,Comedy,http://lorempixel.com/430/653/abstract/,
The Big Lebowski,Joel Coen,"Jeff Bridges, John Goodman, Julianne Moore, Steve Buscemi",1998,,http://www.imdb.com/title/tt0118715/,USA,Comedy,http://lorempixel.com/430/653/abstract/,
This Is Spinal Tap,Rob Reiner," Christopher Guest, Harry Shearer, Michael McKean, Rob Reiner",1984,,http://www.imdb.com/title/tt0088258/,USA,Comedy,http://lorempixel.com/430/653/abstract/,
Bringing Up Baby,Howard Hawkes,"Cary Grant, Katharine Hepburn, Katherine Hepburn",1938,,http://www.imdb.com/title/tt0029947/,USA,Comedy,http://lorempixel.com/430/653/abstract/,
There’s Something About Mary,Peter & Bob Farrelly,"Ben Stiller, Cameron Diaz, Lee Evans, Matt Dillon",1998,,http://www.imdb.com/title/tt0129387/,USA,Comedy,http://lorempixel.com/430/653/abstract/,
Dazed and Confused,Richard Linklater,"Adam Goldberg, Jason London, Joey Lauren Adams, Joey Lauren Adams, Milla Jovovich, Rory Cochrane, Shawn Andrew",1993,,http://www.imdb.com/title/tt0106677/,USA,Comedy,http://lorempixel.com/430/653/abstract/,
MASH,Robert Altman,"Donald Sutherland, Elliott Gould, Sally Kellerman",1970,1,http://www.imdb.com/title/tt0066026/,USA,Comedy,http://lorempixel.com/430/653/abstract/,
Groundhog Day,Harold Ramis,"Andie MacDowell, Bill Murray, Chris Elliott, Stephen Tobolowsky",1993,,http://www.imdb.com/title/tt0107048/,USA,Comedy,http://lorempixel.com/430/653/abstract/,
Clueless,Amy Heckerling,"Alicia Silverstone, Dan Hedaya, Stacey Dash",1995,,http://www.imdb.com/title/tt0112697/,USA,Comedy,http://lorempixel.com/430/653/abstract/,
The Great Dictator,Charlie Chaplin,"Charlie Chaplin, Jack Oakie, Paulette Goddard",1940,,http://www.imdb.com/title/tt0032553/,USA,Comedy,http://lorempixel.com/430/653/abstract/,
Clerks,Kevin Smith,"Brian O'Halloran, Jeff Anderson, Marilyn Ghigliotti",1994,,http://www.imdb.com/title/tt0109445/,USA,Comedy,http://lorempixel.com/430/653/abstract/,
The Jerk,Carl Reiner,Steve Martin,1979,,http://www.imdb.com/title/tt0079367/,USA,Comedy,http://lorempixel.com/430/653/abstract/,
Shaun of the Dead,Edgar Wright,"Dylan Moran, Kate Ashfield, Nick Frost, Simon Pegg",2004,,http://www.imdb.com/title/tt0365748/,UK,Comedy,http://lorempixel.com/430/653/abstract/,
Chinatown,Roman Polanski,"Faye Dunaway, Jack Nicholson, John Huston",1974,1,http://www.imdb.com/title/tt0071315/,USA,Crime,http://lorempixel.com/430/653/abstract/,
Touch of Evil,Orson Welles,"Charlton Heston, Janet Leigh, Marlene Dietrich, Orson Welles, Zsa Zsa Gabor",1958,,http://www.imdb.com/title/tt0052311/,USA,Crime,http://lorempixel.com/430/653/abstract/,
Vertigo,Alfred Hitchcock,"Barbara Bel Geddes, James Stewart, Kim Novak",1958,,http://www.imdb.com/title/tt0052357/,USA,Crime,http://lorempixel.com/430/653/abstract/,
 Badlands,Terrence Malik,"Alan Vint, Martin Sheen, Ramon Bieri, Sissy Spacek, Warren Oates",1973,,http://www.imdb.com/title/tt0069762/,USA,Crime,http://lorempixel.com/430/653/abstract/,
Rashomon,Akira Kurosawa,"Machiko Kyo, Masayuki Mori, Toshiro Mifune",1950,,http://www.imdb.com/title/tt0042876/,Japan,Crime,http://lorempixel.com/430/653/abstract/,
Double Indemnity,Billy Wilder,"Porter Hall, Jean Heather, Byron Barr, Richard Gaines, John Philliber, Edward G.
Robinson, Fred MacMurray and Barbara Stanwyck",1944,,http://www.imdb.com/title/tt0036775/,USA,Crime,http://lorempixel.com/430/653/abstract/,
Get Carter,Mike Hodges,"Brian Mosley, Britt Ekland, Geraldine Moffatt, John Osborne, Michael Caine",1971,,http://www.imdb.com/title/tt0067128/,UK,Crime,http://lorempixel.com/430/653/abstract/,
Pulp Fiction,Quentin Tarantino,"Amanda Plummer, Bruce Willis, Eric Stoltz, Harvey Keitel, John Travolta, Rosanna Arquette, Samuel L Jackson, Steve Buscemi, Tim Roth, Uma Thurman",1994,1,http://www.imdb.com/title/tt0110912/,USA,Crime,http://lorempixel.com/430/653/abstract/,
Hidden, Michael Haneke,"Annie Girardot, Daniel Auteuil, Juliette Binoche, Maurice Benichou",2005,,http://www.imdb.com/title/tt0387898/,France,Crime,http://lorempixel.com/430/653/abstract/,
Goodfellas,Martin Scorsese," Frank Vincent, Joe Pesci, Lorraine Bracco, Ray Liotta, Robert De Niro",1990,1,http://www.imdb.com/title/tt0099685/,USA,Crime,http://lorempixel.com/430/653/abstract/,
The Conversation,"Francis Coppola, Francis Ford Coppola","Allen Garfield, Gene Hackman, John Cazale",1974,,http://www.imdb.com/title/tt0071360/,USA,Crime,http://lorempixel.com/430/653/abstract/,
Bonnie & Clyde,Arthur Penn,"Faye Dunaway, Gene Hackman, Michael J Pollard, Warren Beatty",1967,2,http://www.imdb.com/title/tt0061418/,USA,Crime,http://lorempixel.com/430/653/abstract/,
The Killing,Stanley Kubrick," Coleen Gray, Elisha Cook Junior, Jay C Flippen, Sterling Hayden, Vince Edwards",1956,,http://www.imdb.com/title/tt0049406/,USA,Crime,http://lorempixel.com/430/653/abstract/,
French Connection,William Friedkin,"Fernando Rey, Gene Hackman, Roy Schieder, Tony Lo Bianco",1971,5,http://www.imdb.com/title/tt0067116/,USA,Crime,http://lorempixel.com/430/653/abstract/,
The Big Sleep,Howard Hawkes,"Bob Steele, Elisha Cook Jr, Elisha Cook Jr., Humphrey Bogart, Lauren Bacall",1946,,http://www.imdb.com/title/tt0038355/,USA,Crime,http://lorempixel.com/430/653/abstract/,
La Ceremonie,Claude Chabrol,"Isabelle Huppert, Jacqueline Bisset, Sandrine Bonnaire",1995,,http://www.imdb.com/title/tt0112769/,France,Crime,http://lorempixel.com/430/653/abstract/,
Point Blank,John Boorman,"Angie Dickinson, Keenan Wynn, Lee Marvin",1967,,http://www.imdb.com/title/tt0062138/,USA,Crime,http://lorempixel.com/430/653/abstract/,
Hard Boiled,John Woo,"Chow Yun Fat, Tony Leung",1992,,http://www.imdb.com/title/tt0104684/,Hong Kong,Crime,http://lorempixel.com/430/653/abstract/,
Long Good Friday,John McKenzie,"Bob Hoskins, Bryan Marshall, Dave King, Helen Mirren",1980,,http://www.imdb.com/title/tt0081070/,UK,Crime,http://lorempixel.com/430/653/abstract/,
A Prophet,Jacques Audiard ,"Adel Bencherif, Niels Arestrup, Tahar Rahim, Tahar Ramin",2009,,http://www.imdb.com/title/tt1235166/,France,Crime,http://lorempixel.com/430/653/abstract/,
Heat,Michael Mann,"Al Pacino, Ashley Judd, Jon Voight, Robert De Niro, Tom Sizemore, Val Kilmer",1995,,http://www.imdb.com/title/tt0113277/,USA,Crime,http://lorempixel.com/430/653/abstract/,
Scarface (1983),Brian De Palma,"Al Pacino, Mary Elizabeth Mastrantonio, Michelle Pfeiffer, Robert Loggia, Steven Bauer",1983,,http://www.imdb.com/title/tt0086250/,USA,Crime,http://lorempixel.com/430/653/abstract/,
Miller’s Crossing,Joel Coen,"Albert Finney, Gabriel Byrne, Marcia Gay Harden",1990,,http://www.imdb.com/title/tt0100150/,USA,Crime,http://lorempixel.com/430/653/abstract/,
Postman Always Rings Twice  (1942),Tay Garnett,"Cecil Kellaway, John Garfield, Lana Turner",1946,,http://www.imdb.com/title/tt0038854/,USA,Crime,http://lorempixel.com/430/653/abstract/,
Jour Se Leve,Marcel Carne,"Annabella, Arletty, Jean Gabin",1939,,http://www.imdb.com/title/tt0031514/,France,Crime,http://lorempixel.com/430/653/abstract/,
Psycho,Alfred Hitchcock,"Anthony Perkins, Janet Leigh, Vera Miles",1960,,http://www.imdb.com/title/tt0054215/,USA,Horror,http://lorempixel.com/430/653/abstract/,
Rosemary’s Baby,Roman Polanski,"John Cassavetes, Mia Farrow, Ruth Gordon",1968,1,http://www.imdb.com/title/tt0063522/,USA,Horror,http://lorempixel.com/430/653/abstract/,
Don’t Look Now,Nicholas Roeg,"Donald Sutherland, Hilary Mason, Julie Christie",1973,,http://www.imdb.com/title/tt0069995/,UK,Horror,http://lorempixel.com/430/653/abstract/,
The Wicker Man,Robin Hardy,"Britt Ekland, Christopher Lee, Edward Woodward",1973,,http://www.imdb.com/title/tt0070917/,UK,Horror,http://lorempixel.com/430/653/abstract/,
The Shining,Stanley Kubrick,"Danny Lloyd, Jack Nicholson, Shelley Duval",1980,,http://www.imdb.com/title/tt0081505/,USA,Horror,http://lorempixel.com/430/653/abstract/,
The Exorcist,William Friedkin,"Ellen Burstyn, Linda Blair, Max von Sydow",1973,2,http://www.imdb.com/title/tt0070047/,USA,Horror,http://lorempixel.com/430/653/abstract/,
Nosferatu  (1922),FW Mernau,"Alexander Granach, Greta Schroder, Gustav von Wangenheim, Max Schreck",1922,,http://www.imdb.com/title/tt0013442/,Germany,Horror,http://lorempixel.com/430/653/abstract/,
Let the Right One In,Tomas Alfredson," Henrik Dahl, Kare Hedebrant, Karin Bergquist, Lina Leandersson, Per Ragnar, Peter Carlberg",2008,,http://www.imdb.com/title/tt1139797/,Sweden,Horror,http://lorempixel.com/430/653/abstract/,
Vampyr,Carl Theodor Dreyer,"Henriette Gérard, Henriette Gerard, Julian West, Sybille Schmitz",1932,,http://www.imdb.com/title/tt0023649/,Germany,Horror,http://lorempixel.com/430/653/abstract/,
Peeping Tom,Michael Powell,"Anna Massey, Carl Boehm, Esmond Knight, Karl Bohm, Maxine Audley, Moira Shearer",1960,,http://www.imdb.com/title/tt0054167/,UK,Horror,http://lorempixel.com/430/653/abstract/,
The Innocents,Jack Clayton,"Clytie Jessop, Deborah Kerr, Michael Redgrave, Peter Wyngarde",1961,,http://www.imdb.com/title/tt0055018/,USA,Horror,http://lorempixel.com/430/653/abstract/,
Ringu,Hideo Nakata,"Nanako Matsushima, Hiroyuki Sanada,  Rikiya Otaka",1998,,http://www.imdb.com/title/tt0178868/,Japan,Horror,http://lorempixel.com/430/653/abstract/,
The Haunting,Robert Wise,"Claire Bloom, Julie Harris, Richard Johnson",1963,,http://www.imdb.com/title/tt0057129/,USA,Horror,http://lorempixel.com/430/653/abstract/,
Texas Chainsaw Massacre,Tobe Hooper," Edwin Neal, Jim Siedow, Marilyn Burns, Paul A Partain",1974,,http://www.imdb.com/title/tt0072271/,USA,Horror,http://lorempixel.com/430/653/abstract/,
Dead of Night,"Alberto Cavalcanti, Charles Crichton","Googie Withers, Mervyn Johns, Michael Redgrave",1945,,http://www.imdb.com/title/tt0037635/,UK,Horror,http://lorempixel.com/430/653/abstract/,
The Cabinet of Dr Caligari,Robert Wiene,"Conrad Veidt, Lil Dagover, Werner Krauss",1920,,http://www.imdb.com/title/tt0010323/,Germany,Horror,http://lorempixel.com/430/653/abstract/,
Halloween,John Carpenter,"Donald Pleasance, Donald Pleasence, Jamie Lee Curtis, Nancy Loomis, Tony Moran",1978,,http://www.imdb.com/title/tt0077651/,USA,Horror,http://lorempixel.com/430/653/abstract/,
Bride of Frankenstein,James Whale,"Boris Karloff, Colin Clive, Elsa Lanchester",1935,,http://www.imdb.com/title/tt0026138/,USA,Horror,http://lorempixel.com/430/653/abstract/,
Les Diaboliques,Henri-Georges Clouzot,"Paul Meurisse, Simone Signoret, Vera Clouzot",1955,,http://www.imdb.com/title/tt0046911/,France,Horror,http://lorempixel.com/430/653/abstract/,
Audition,Miike Takashi,"Eihi Shiina, Ishibashi Renji, Ishibashi Ryo, Matsuda Miyuki, Renji Ishibashi, Ryo Ishibashi, Shiina Eihi",1999,,http://www.imdb.com/title/tt0235198/,Korea,Horror,http://lorempixel.com/430/653/abstract/,
Dracula   (1958),Terence Fisher,"Christopher Lee, Melissa Stribling, Michael Gough, Peter Cushing",1958,,http://www.imdb.com/title/tt0051554/,UK,Horror,http://lorempixel.com/430/653/abstract/,
The Blair Witch Project,"Daniel Myrick, E Sanchez","Heather Donahue, Joshua Leonard, Michael C. Williams",1999,,http://www.imdb.com/title/tt0185937/,USA,Horror,http://lorempixel.com/430/653/abstract/,
Evil Dead/Evil Dead II,Sam Raimi,"Betsy Baker, Bruce Campbell, Ellen Sandweiss",1981/ 1987,,http://www.imdb.com/title/tt0083907/,USA,Horror,http://lorempixel.com/430/653/abstract/,
Carrie,Brian De Palma,"John Travolta, Piper Laurie, Sissy Spacek",1976,,http://www.imdb.com/title/tt0074285/,USA,Horror,http://lorempixel.com/430/653/abstract/,
Les Vampires (1915),Louis Feuillade,"Edouard Mathe, Marcel Levesque",1915,,http://www.imdb.com/title/tt0006206/,France,Horror,http://lorempixel.com/430/653/abstract/,
Brief Encounter,David Lean ,"Celia Johnson, Cyril Raymond, Stanley Holloway, Trevor Howard",1945,,http://www.imdb.com/title/tt0037558/,UK,Romance,http://lorempixel.com/430/653/abstract/,
Casablanca,Michael Curtiz,"Claude Rains, Humphrey Bogart, Ingrid Bergman, Paul Henreid",1942,3,http://www.imdb.com/title/tt0034583/,USA,Romance,http://lorempixel.com/430/653/abstract/,
Before Sunrise,Richard Linklater,Ethan Hawke and Julie Delpy,1995,,http://www.imdb.com/title/tt0112471/,USA,Romance,http://lorempixel.com/430/653/abstract/,
Before Sunset,Richard Linklater,Ethan Hawke and Julie Delpy,2004,,http://www.imdb.com/title/tt0381681/awards,USA,Romance,http://lorempixel.com/430/653/abstract/,
Breathless,Jean-Luc Godard,"Jean Seberg, Jean-Paul Belmondo",1960,,http://www.imdb.com/title/tt0053472/,France,Romance,http://lorempixel.com/430/653/abstract/,
In the Mood for Love,Kar Wai Wong,"Maggie Cheung Man-Yuk, Rebecca Pan, Tony Leung Chiu-Wai",2000,,http://www.imdb.com/title/tt0118694/,Hong Kong,Romance,http://lorempixel.com/430/653/abstract/,
The Apartment,Billy Wilder,"Fred MacMurray, Jack Lemmon, Ray Walston, Shirley MacLaine",1960,,http://www.imdb.com/title/tt0053604/,USA,Romance,http://lorempixel.com/430/653/abstract/,
Hannah & Her Sisters,Woody Allen ,"Barbara Hershey, Carrie Fisher, Dianne Wiest, Julie Kavner, Mia Farrow, Michael Caine, Woody Allen",1986,3,http://www.imdb.com/title/tt0091167/,USA,Romance,http://lorempixel.com/430/653/abstract/,
Eternal Sunshine of the Spotless Mind,Michel Gondry,"Elijah Wood, Jim Carrey, Kate Winslet, Kirsten Dunst, Mark Ruffalo, Tom Wilkinson",2004,1,http://www.imdb.com/title/tt0338013/,USA,Romance,http://lorempixel.com/430/653/abstract/,
Room With a View,James Ivory,"Helena Bonham Carter, Julian Sands, Maggie Smith",1985,3,http://www.imdb.com/title/tt0091867/,UK,Romance,http://lorempixel.com/430/653/abstract/,
Jules et Jim,François Truffaut,"Henri Serre, Jeanne Moreau, Oscar Werner, Oskar Werner",1962,,http://www.imdb.com/title/tt0055032/,France,Romance,http://lorempixel.com/430/653/abstract/,
All That Heaven Allows,Douglas Sirk,"Jane Wyman, Rock Hudson",1955,,http://www.imdb.com/title/tt0047811/,USA,Romance,http://lorempixel.com/430/653/abstract/,
Gone with the Wind,Victor Fleming,"Anne Rutherford, Clark Gable, Hattie McDaniel, Leslie Howard, Olivia De Havilland, Vivien Leigh",1939,8,http://www.imdb.com/title/tt0031381/,USA,Romance,http://lorempixel.com/430/653/abstract/,
An Affair to Remember,Leo McCarey,"Cary Grant, Deborah Kerr, Richard Denning",1957,,http://www.imdb.com/title/tt0050105/,USA,Romance,http://lorempixel.com/430/653/abstract/,
Umbrellas of Cherbourg,Jaques Demy ,"Anne Vernon, Catherine Deneuve, Nino Castelnuovo",1964,,http://www.imdb.com/title/tt0058450/,France,Romance,http://lorempixel.com/430/653/abstract/,
Lost in Translation,Sofia Coppola,"Bill Murray, Giovanni Ribisi, Scarlett Johansson",2003,1,http://www.imdb.com/title/tt0335266/,USA,Romance,http://lorempixel.com/430/653/abstract/,
Roman Holiday,William Wyler,"Audrey Hepburn, Gregory Peck",1953,3,http://www.imdb.com/title/tt0046250/,USA,Romance,http://lorempixel.com/430/653/abstract/,
Wall-E,Andrew Stanton,"Ben Burtt, Fred Willard, Jeff Garlin, Kathy Najimy, Sigourney Weaver",2008,1,http://www.imdb.com/title/tt0910970/,USA,Romance,http://lorempixel.com/430/653/abstract/,
My Night With Maud,Eric Rohmer," Francoise Fabian, Jean-Louis Trintignant",1969,,http://www.imdb.com/title/tt0064612/,France,Romance,http://lorempixel.com/430/653/abstract/,
Voyage to Italy,Roberto Rossellini,Ingrid Bergman,1954,,http://www.imdb.com/title/tt0046511/,Italy,Romance,http://lorempixel.com/430/653/abstract/,
Dr Zhivago,David Lean,"Geraldine Chaplin, Julie Christie, Omar Sharif",1965,5,http://www.imdb.com/title/tt0059113/,USA,Romance,http://lorempixel.com/430/653/abstract/,
Harold & Maude,Hal Ashby,"Bud Cort, Cyril Cusack, Ruth Gordon, Vivian Pickles",1971,,http://www.imdb.com/title/tt0067185/,USA,Romance,http://lorempixel.com/430/653/abstract/,
When Harry Met Sally,Rob Reiner,"Billy Crystal, Bruno Kirby, Carrie Fisher, Meg Ryan",1989,,http://www.imdb.com/title/tt0098635/,USA,Romance,http://lorempixel.com/430/653/abstract/,
Say Anything....,Cameron crowe,"John Cusack, Ione Skye, John Mahoney",1989,,http://www.imdb.com/title/tt0098258/,USA,Romance,http://lorempixel.com/430/653/abstract/,
Fabulous Baker Boys,Steve Kloves,"Beau Bridges, Jeff Bridges, Michelle Pfeiffer",1989,,http://www.imdb.com/title/tt0097322/,USA,Romance,http://lorempixel.com/430/653/abstract/,
A Matter of Life & Death," Emeric Pressburger, Michael Powell"," David Niven, Kim Hunter, Raymond Massey, Richard Attenborough, Roger Livesey",1946,,http://www.imdb.com/title/tt0038733/,UK,Romance,http://lorempixel.com/430/653/abstract/,
2001,Stanley Kubrick,"Daniel Richter, Gary Lockwood, Keir Dullea, William Sylvester",1968,1,http://www.imdb.com/title/tt0062622/,USA,Sci-Fi and fantasy,http://lorempixel.com/430/653/abstract/,
Metropolis,Fritz Lang,"Alfred Abel, Brigitte Helm, Gustav Frohlich, Gustav Fruhlich",1927,,http://www.imdb.com/title/tt0017136/,Germany,Sci-Fi and fantasy,http://lorempixel.com/430/653/abstract/,
Blade Runner,Ridley Scott,"Harrison Ford, Rutger Hauer, Sean Young",1982,,http://www.imdb.com/title/tt0083658/,USA,Sci-Fi and fantasy,http://lorempixel.com/430/653/abstract/,
Alien,Ridley Scott,"Ian Holm, John Hurt, Sigourney Weaver, Tom Skerritt",1979,1,http://www.imdb.com/title/tt0078748/,USA,Sci-Fi and fantasy,http://lorempixel.com/430/653/abstract/,
The Wizard of Oz,Victor Fleming,"Bert Lahr, Frank Morgan, Jack Haley, Judy Garland, Ray Bolger",1939,2,http://www.imdb.com/title/tt0032138/,USA,Sci-Fi and fantasy,http://lorempixel.com/430/653/abstract/,
ET,Steven Spielberg,"Dee Wallace, Drew Barrymore, Henry Thomas, Peter Coyote",1982,4,http://www.imdb.com/title/tt0083866/,USA,Sci-Fi and fantasy,http://lorempixel.com/430/653/abstract/,
Solaris, Andrei Tarkovsky,"Donatas Banionis, Juri Jarvet, Nataly Bondarchuk, Natalya Bondarchuk",1972,,http://www.imdb.com/title/tt0069293/,USA,Sci-Fi and fantasy,http://lorempixel.com/430/653/abstract/,
Spirited Away,Hayao Miyazaki,"Daveigh Chase, Jason Marsden, Jason Marsdon, Mari Natsuki, Miyu Irino, Rumi Hiragi, Suzanne Pleshette",2001,1,http://www.imdb.com/title/tt0245429/,Japan,Sci-Fi and fantasy,http://lorempixel.com/430/653/abstract/,
Star Wars  (1977),George Lucas,"Alec Guinness, Carrie Fisher, David Prowse, Harrison Ford, Mark Hamill, Peter Cushing, Peter Mayhew",1977,6,http://www.imdb.com/title/tt0076759/,USA,Sci-Fi and fantasy,http://lorempixel.com/430/653/abstract/,
Close Encounters,Steven Spielberg,"Melinda Dillon, Richard Dreyfuss",1977,1,http://www.imdb.com/title/tt0075860/,USA,Sci-Fi and fantasy,http://lorempixel.com/430/653/abstract/,
King Kong,"Ernest B Schoedsack, Merian C Cooper","Bruce Cabot, Ernest B Schoedsack, Fay Wray, Frank Reicher, James Flavin, John Armstrong, Noble Jhonson, Robert Armstrong",1933,,http://www.imdb.com/title/tt0024216/,USA,Sci-Fi and fantasy,http://lorempixel.com/430/653/abstract/,
Terminator/Terminator 2,James Cameron,"Arnold Schwarzenegger, Linda Hamilton, Michael Biehn",1984/1991,4 altogether,http://www.imdb.com/title/tt0088247/,USA,Sci-Fi and fantasy,http://lorempixel.com/430/653/abstract/,
The Matrix,Andy & Larry Wachowski,"Carrie-Anne Moss, Keanu Reeves, Laurence Fishburne",1999,4,http://www.imdb.com/title/tt0133093/,USA,Sci-Fi and fantasy,http://lorempixel.com/430/653/abstract/,
Alphaville,Jean Luc-Godard,"Anna Karina, Eddie Constantine",1965,,http://www.imdb.com/title/tt0058898/,France,Sci-Fi and fantasy,http://lorempixel.com/430/653/abstract/,
Back to the Future,Robert Zemeckis,"Christopher Lloyd, Crispin Glover, Lea Thompson, Michael J Fox, Michael J. Fox",1985,1,http://www.imdb.com/title/tt0088763/,USA,Sci-Fi and fantasy,http://lorempixel.com/430/653/abstract/,
Planet of the Apes,Franklin J Schaffner ,"Charlton Heston, Kim Hunter, Roddy McDowell",1968,1,http://www.imdb.com/title/tt0063442/,USA,Sci-Fi and fantasy,http://lorempixel.com/430/653/abstract/,
Brazil,Terry Gilliam,"Jonathan Pryce, Michael Palin, Robert De Niro",1985,,http://www.imdb.com/title/tt0088846/,UK,Sci-Fi and fantasy,http://lorempixel.com/430/653/abstract/,
The Lord of the Rings trilogy,Peter Jackson,"Cate Blanchett, Dominic Monaghan, Elijah Wood, Hugo Weaving, John Rhys-Davies, Liv Tyler, Miranda Otto, Orlando Bloom, Sean Astin, Sir Ian McKellen, Viggo Mortensen, William Boyd",2001-2003,17 altogether,http://www.imdb.com/title/tt0167260/,New Zealand,Sci-Fi and fantasy,http://lorempixel.com/430/653/abstract/,
Dark Star,John Carpenter,"Brian Narelle, Dan O'Bannon, Dre Pahich",1974,,http://www.imdb.com/title/tt0069945/,USA,Sci-Fi and fantasy,http://lorempixel.com/430/653/abstract/,
Day the Earth Stood Still,Robert Wise,"Hugh Marlowe, Lock Martin, Michael Rennie, Patricia Neal",1951,,http://www.imdb.com/title/tt0043456/,USA,Sci-Fi and fantasy,http://lorempixel.com/430/653/abstract/,
Edward Scissorhands,Tim Burton,"Dianne Wiest, Johnny Depp, Winona Ryder",1990,,http://www.imdb.com/title/tt0099487/,USA,Sci-Fi and fantasy,http://lorempixel.com/430/653/abstract/,
Akira,Katsuhiro Otomo,"Mitsuo Iwata, Nozomu Sasaki, Mami Koyama, Tessho Genda",1988,,http://www.imdb.com/title/tt0094625/,Japan,Sci-Fi and fantasy,http://lorempixel.com/430/653/abstract/,
Princess Bride,Rob reiner,"Billy Crystal, Carty Elwes, Cary Elwes, Mandy Patinkin, Peter Falk, Robin Wright",1987,,http://www.imdb.com/title/tt0093779/,USA,Sci-Fi and fantasy,http://lorempixel.com/430/653/abstract/,
Pan’s Labyrinth,Guillermo del Toro," Ariadna Gil, Doug Jones, Ivana Baquero, Maribel Verdu, Sergi Lopez",2006,3,http://www.imdb.com/title/tt0457430/,Spain,Sci-Fi and fantasy,http://lorempixel.com/430/653/abstract/,
Starship Troopers,Paul Verhoeven,"Casper Van Dien, Clancy Brown, Dina Meyer, Jake Busey, Michael Ironside",1997,,http://www.imdb.com/title/tt0120201/,USA,Sci-Fi and fantasy,http://lorempixel.com/430/653/abstract/,